[
	{
		"name": "Admin",
		"description": "Admin can do all.",
		"target": "subject.role.name() == 'ADMIN'",
		"condition": "true"
	},
	{
		"name": "PM view his project",
		"description": "PM read the details of his project only.",
		"target": "subject.role.name() == 'PM' && action == 'PROJECTS_VIEW'",
		"condition": "subject.project.id == resource.id"
	},
	{
		"name": "PM view his project's issues",
		"description": "PM can view the issues of his project only.",
		"target": "subject.role.name() == 'PM' && action == 'ISSUES_LIST'",
		"condition": "subject.project.id == resource.id"
	},
	{
		"name": "PM manages project's users",
		"description": "PM can manage users of his project only.",
		"target": "subject.role.name() == 'PM' && {'PROJECTS_USERS_ADD','PROJECTS_USERS_LIST','PROJECTS_USERS_REMOVE'}.contains(action)",
		"condition": "subject.project.id == resource.id"
	},
	{
		"name": "PM manages project's issues ",
		"description": "PM can manage issues of his project only.",
		"target": "subject.role.name() == 'PM' && {'ISSUES_CREATE', 'ISSUES_UPDATE', 'ISSUES_DELTE', 'ISSUES_ASSIGN', 'ISSUES_STATUS_CLOSE'}.contains(action)",
		"condition": "subject.project.id == resource.project.id"
	},
	{
		"name": "PM creates an issue",
		"description": "PM can add new issues to his project only.",
		"target": "subject.role.name() == 'PM' && action == 'ISSUES_CREATE'",
		"condition": "subject.project.id == resource.project.id"
	},
	{
		"name": "PM assigns issues",
		"description": "PM can assign an issue (in his project only) to a user.",
		"target": "subject.role.name() == 'PM' && action == 'ISSUES_ASSIGN'",
		"condition": "subject.project.id == resource.project.id"
	},
	{
		"name": "Tester creates a bug",
		"description": "Tester can add bugs (and only bugs) to his project",
		"target": "subject.role.name() == 'TESTER' && action == 'ISSUES_CREATE'",
		"condition": "subject.project.id == resource.project.id && resource.type.name() == 'BUG'"
	},
	{
		"name": "User completes an issue",
		"description": "Users can compelete issues assigned to them.",
		"target": "action == 'ISSUES_STATUS_CLOSE'",
		"condition": "subject.project.id == resource.project.id && subject.name == resource.assignedTo"
	}
]
